DWA Title,Count of tasks_to_dwas.csv
Write reports or evaluations.,32
Write operational reports.,9
Write material for artistic or entertainment purposes.,14
Write informational material.,15
Write grant proposals.,46
Write computer programming code.,21
"Write articles, books or other original materials in area of expertise.",43
Write advertising or promotional material.,9
Weld metal components.,15
Weigh parcels to determine shipping costs.,3
Weigh materials to ensure compliance with specifications.,9
Weigh finished products.,16
Watch operating equipment to detect malfunctions.,27
Warn individuals about rule violations or safety concerns.,6
Visit individuals in their homes to provide support or information.,6
Verify that medical activities or operations meet standards.,7
Verify shipping documentation.,5
Verify patron or staff credentials.,6
Verify mathematical calculations.,6
Verify information or specifications.,17
Verify employee information.,3
Verify customer credit information.,4
Verify application data to determine program eligibility.,5
Verify alignment of structures or equipment.,7
Verify accuracy of records.,16
Verify accuracy of patient information.,7
Verify accuracy of financial or transactional data.,30
Verify accuracy of financial information.,6
Verify accuracy of data.,9
Usher patrons to seats or exits.,5
Use weapons or physical force to maintain security.,5
Use databases to locate investigation details or other information.,6
Update website content.,8
Update technical knowledge.,16
Update professional knowledge.,17
Update knowledge of legal or regulatory environments.,8
Update knowledge about emerging industry or technology trends.,21
Update job related knowledge or skills.,3
Update computer database information.,6
Unload materials or equipment.,10
Type documents.,9
Tutor students who need extra assistance.,17
Troubleshoot issues with computer applications or systems.,13
Troubleshoot equipment or systems operation problems.,14
Trim trees or other vegetation.,13
Trim excess material from workpieces.,30
Trim excess material from installations.,5
Trim client hair.,6
Treat patients using psychological therapies.,8
Treat patients using physical therapy techniques.,7
Treat patients using alternative medical procedures.,9
"Treat nails by shaping, decorating, or augmenting.",14
Treat medical emergencies.,24
Treat greenery or surfaces with protective substances.,9
Treat facilities to eliminate pests.,4
Treat dental problems or diseases.,15
Treat chronic diseases or disorders.,33
Treat animal injuries or illnesses.,4
"Treat acute illnesses, infections, or injuries.",17
"Travel to work sites to perform installation, repair or maintenance work.",9
Transport clients to appointments.,2
Transport biological or other medical materials.,11
"Transport animals, crops, or equipment.",5
Translate information for others.,9
Transcribe spoken or written information.,3
"Train workers in farming, forestry, or hunting techniques.",4
Train transportation or material moving personnel.,7
Train staff members.,9
Train staff members in social services skills.,7
Train service staff.,15
Train sales personnel.,7
Train personnel.,12
Train personnel to enhance job skills.,13
Train personnel on proper operational procedures.,25
Train personnel on managerial topics.,4
Train personnel in technical or scientific procedures.,19
Train personnel in organizational or compliance procedures.,7
"Train patients, family members, or caregivers in techniques for managing disabilities or illnesses.",19
Train others on work processes.,10
Train others on performance techniques.,8
Train others in operational procedures.,10
Train others in computer interface or software use.,16
Train medical providers.,57
Train food preparation or food service personnel.,8
"Train employees on environmental awareness, conservation, or safety topics.",6
Train employees in proper work procedures.,10
Train customers in the use of products.,6
Train construction or extraction personnel.,8
Train caregivers or other non-medical personnel.,8
Train animals.,7
Track goods or materials.,8
Time vehicle speed or traffic-control equipment operation.,2
Thread wire or cable through ducts or conduits.,5
Testify at legal or legislative proceedings.,33
Test software performance.,22
Test quality of materials or finished products.,10
Test products for functionality or quality.,8
"Test performance of electrical, electronic, mechanical, or integrated systems or equipment.",45
Test performance of aircraft equipment.,3
Test patient vision.,24
Test patient nervous system functioning.,7
Test patient heart or lung functioning.,11
Test patient hearing.,5
Test mechanical systems to ensure proper functioning.,8
Test mechanical equipment to ensure proper functioning.,35
"Test materials, solutions, or samples.",8
Test green technology installations to verify performance.,6
Test green technologies or processes.,14
Test fluids to identify contamination or other problems.,6
Test facilities for environmental hazards.,8
Test electrical equipment or systems to ensure proper functioning.,28
Test electrical circuits or components for proper functioning.,18
Test computer system operations to ensure proper functioning.,18
Test computer hardware performance.,7
Test communications equipment to ensure proper functioning.,5
Test chemical or physical characteristics of materials or products.,20
Test characteristics of materials or structures.,10
Test biological specimens to gather information about patient conditions.,10
Test air quality at work sites.,5
Teach vocational courses.,5
Teach social science courses at the college level.,12
Teach safety standards or environmental compliance methods.,4
Teach physical science or mathematics courses at the college level.,15
Teach physical education.,4
Teach others to use technology or equipment.,20
Teach others to use computer equipment or hardware.,5
Teach online courses.,3
Teach medical procedures to healthcare personnel.,11
Teach medical procedures or medical equipment use to patients.,9
Teach life skills.,22
Teach life skills or strategies to clients or their families.,5
Teach humanities courses at the college level.,11
Teach health or hygiene practices.,7
Teach health management classes.,4
Teach exercise or fitness techniques.,8
Teach daily living skills or behaviors.,12
Teach classes in area of specialization.,17
Teach basic living or other adaptive skills to patients or caregivers.,5
Take product orders from customers.,7
Take customer orders.,9
Survey land or properties.,6
Survey land or bodies of water to measure or determine features.,17
Support the professional development of others.,14
Supervise workers providing client or patient services.,12
Supervise workers performing environmentally sustainable activities.,9
Supervise trainees.,3
Supervise technical medical personnel.,8
Supervise student research or internship work.,53
Supervise service workers.,18
Supervise scientific or technical personnel.,20
Supervise school or student activities.,17
Supervise sales or support personnel.,7
Supervise production or support personnel.,3
Supervise patient care personnel.,37
Supervise medical support personnel.,8
Supervise maintenance workers.,7
Supervise laboratory work.,19
Supervise inmate activities.,4
Supervise information technology personnel.,14
Supervise engineering or other technical personnel.,21
Supervise employees.,65
Supervise clerical or administrative personnel.,13
Supervise activities of other legal personnel.,3
Submit financial applications.,3
Study scripts to determine project requirements.,9
Study product information to acquire professional knowledge.,7
Study details of musical compositions.,4
Study blueprints or other instructions to determine equipment setup requirements.,23
Store supplies or goods in kitchens or storage areas.,14
Store records or related materials.,7
Store items.,8
Stock supplies or merchandise.,6
Stock serving stations or dining areas with food or supplies.,14
Stock products or parts.,6
Stock medical or patient care supplies.,9
Sterilize medical equipment or instruments.,12
Sterilize food cooking or processing equipment.,4
Stay informed about current developments in field of specialization.,40
Stack finished items for further processing or shipment.,14
"Spread sand, dirt or other loose materials onto surfaces.",11
Spread concrete or other aggregate mixtures.,10
Sort recyclable materials.,6
Sort materials or products.,5
"Sort materials or products for processing, storing, shipping, or grading.",14
Sort materials or objects for processing or transport.,2
Sort mail.,18
Sort forestry or agricultural materials.,5
Solder parts or workpieces.,11
Solder parts or connections between parts.,11
Smooth surfaces with abrasive materials or tools.,24
Smooth surfaces of objects or equipment.,11
Smooth metal surfaces or edges.,18
"Smooth garments with irons, presses, or steamers.",13
Slaughter animals.,3
Skim impurities from molten metal.,4
Signal others to coordinate work activities.,17
Signal others to coordinate vehicle movement.,16
Signal equipment operators to indicate proper equipment positioning.,9
Shovel materials.,3
Sharpen cutting or grinding tools.,11
Share sales-related or market information with colleagues.,4
Shape surfaces or edges of wood workpieces.,7
Shape metal workpieces with hammers or other small hand tools.,9
Shape glass or similar materials.,4
Shape clay or dough to create products.,4
Sew materials.,1
Sew clothing or other articles.,20
Set up still or video cameras or related equipment.,14
Set up merchandise displays.,13
Set up mechanical equipment.,1
"Set up material handling gear or equipment, such as rigging, packaging, or temporary structures.",4
Set up laboratory or field equipment.,10
Set up classroom materials or equipment.,23
"Set equipment guides, stops, spacers, or other fixtures.",16
Set equipment controls to meet cutting specifications.,30
Service vehicles to maintain functionality.,14
"Service heating, ventilation or air-conditioning (HVAC) systems or components.",7
Service green vehicles to make repairs or maintain good working order.,4
Serve on institutional or departmental committees.,59
Serve food or beverages.,22
Serve court ordered documents.,4
"Send information, materials or documentation.",27
Sell products or services.,50
Sell agricultural products.,2
"Select tools, equipment, or technologies for use in operations or projects.",14
"Select staff, team members, or performers.",10
Select resources needed to accomplish tasks.,10
Select project materials.,8
Select production input materials.,20
Select production equipment according to product specifications.,28
Select medical equipment for addressing patient needs.,3
Select materials or props.,14
"Select equipment, materials, or supplies for cleaning or maintenance activities.",4
Select educational materials or equipment.,39
Select construction materials.,14
Select construction equipment.,8
"Secure watercraft to docks, wharves or other vessels.",4
Secure cargo.,6
Search information sources to find specific data.,5
Search individuals for illegal or dangerous items.,5
"Search files, databases or reference materials to obtain needed information.",19
Seal gaps or cracks to prevent leakage or moisture intrusion.,7
"Schedule repair, installation or maintenance activities.",6
Schedule product or material transportation.,5
Schedule patient procedures or appointments.,22
Schedule operational activities.,25
Schedule medical facility use.,1
Schedule instructional activities.,9
Schedule equipment maintenance.,2
Schedule dining reservations.,3
Schedule appointments.,21
Schedule appointments with prospective customers.,3
Schedule agricultural or forestry work.,2
Schedule activities or facility use.,11
Run wiring to connect equipment.,5
Rule on admissibility of legal proceedings.,3
Route mail to correct destinations.,10
Rewire electrical or electronic systems.,6
Review work orders or schedules to determine operations or procedures.,16
Review technical documents to plan work.,21
Review professional literature to maintain professional knowledge.,19
Review production information to determine costume or makeup requirements.,6
Review plans or proposals for environmental conservation.,6
Review license or permit applications.,7
Review laws or regulations to maintain professional knowledge.,3
"Review environmental permits, plans, or reports.",6
Review documents or materials for compliance with policies or regulations.,14
Review details of technical drawings or specifications.,6
Review customer insurance information.,4
Review customer information.,3
Review blueprints or specifications to determine work requirements.,23
Review blueprints or other instructions to determine operational methods or sequences.,37
Review audio or video recordings.,1
Review art or design materials.,6
Review accuracy of sales or other transactions.,5
Retrieve information from electronic sources.,4
Respond to transportation emergencies.,3
Respond to emergencies to provide assistance.,12
Respond to customer problems or complaints.,19
Respond to customer inquiries.,8
Resolve personnel problems.,3
Resolve operational performance problems.,8
Resolve issues affecting transportation operations.,6
Resolve interpersonal conflicts.,3
Resolve employee or contractor problems.,3
Resolve customer complaints or problems.,25
Resolve computer software problems.,9
Resolve computer network problems.,5
Reshape small metal components for precision assembly.,4
Reshape metal workpieces to established specifications.,9
Research topics in area of expertise.,81
Research sustainable agricultural processes or practices.,6
Research relevant legal materials to aid decision making.,14
Research product safety.,3
Research new technologies.,7
Research microbiological or chemical processes or structures.,11
Research methods to improve food products.,6
Research livestock management methods.,6
Research issues related to the environment or sustainable business practices.,9
Research industrial processes or operations.,4
Research impacts of environmental conservation initiatives.,11
Research hydrologic features or processes.,7
Research human performance or health factors related to engineering or design activities.,9
Research geological features or processes.,5
Research genetic characteristics or expression.,12
Research environmental impact of industrial or development activities.,21
Research engineering aspects of biological or chemical processes.,9
Research engineering applications of emerging technologies.,5
"Research energy production, use, or conservation.",4
Research diseases or parasites.,10
Research design or application of green technologies.,6
Research crop management methods.,7
Research advanced engineering designs or applications.,10
Rescue people from hazardous situations.,7
Request emergency personnel.,10
Represent the organization in external relations.,13
Represent the interests of clients in legal proceedings.,8
Report vehicle or equipment malfunctions.,15
Report news to the public.,8
Report maintenance or equipment problems to appropriate personnel.,9
Report information to managers or other personnel.,12
"Replace worn, damaged, or defective mechanical parts.",38
Replace worn equipment components.,33
Replace vehicle glass.,10
"Repair worn, damaged, or defective mechanical parts.",39
Repair tires.,7
Repair textiles or apparel.,11
"Repair templates, patterns, or molds.",5
Repair structural components.,7
Repair production equipment or tools.,32
Repair precision devices or workpieces.,6
Repair pipes to stop leaking.,5
Repair parts or assemblies.,8
Repair non-engine automotive or vehicle components.,22
Repair medical or dental assistive devices.,5
Repair medical facility equipment.,7
Repair green energy equipment or systems.,4
Repair furniture or upholstery.,10
Repair electronic equipment.,16
Repair electrical equipment.,8
Repair electrical components.,10
Repair electrical circuits or wiring.,12
Repair defective engines or engine components.,11
Repair books or other printed material.,1
"Remove worn, damaged or outdated materials from work areas.",15
Remove workpieces from molds.,7
Remove trash.,4
Remove snow.,6
Remove skin or other body parts from animals.,2
Remove products or workpieces from production equipment.,34
Remove parts or components from vehicles.,5
Remove parts or components from equipment.,10
Remove excess materials from finished construction projects.,7
"Remove dents from equipment, materials, tools or structures.",6
Remove debris or vegetation from work sites.,9
Remove debris or damaged materials.,6
Remove debris from work sites.,7
"Remove accessories, tools, or other parts from equipment.",13
Relay information between personnel.,6
Relay information about incidents or emergencies to personnel using phones or two-way radios.,7
Refinish wood or metal surfaces.,4
Refer patients to other healthcare practitioners or health resources.,39
Refer individuals to educational or work programs.,7
Refer customers to appropriate personnel.,15
Refer clients to community or social service programs.,11
Recruit personnel.,16
Record vital statistics or other health information.,15
Record shipping information.,6
Record service or repair activities.,5
Record sales or transactions data.,9
Record research or operational data.,32
Record production information.,4
Record personnel information.,11
Record patient medical histories.,76
Record operational or production data.,111
Record operational or environmental data.,16
Record operational details of travel.,25
Record information from meetings or other formal proceedings.,6
Record information from legal proceedings.,5
Record information about suspicious objects.,2
Record information about suspects or criminals.,7
"Record information about parts, materials or repair procedures.",7
Record information about legal matters.,3
Record information about environmental conditions.,4
Record images needed to address work issues.,5
Record details of deliveries or shipments.,6
Record crime or accident scene evidence with video or still cameras.,5
Record agricultural or forestry inventory data.,7
Reconcile records of sales or other financial transactions.,13
Recommend types of assistive devices.,9
"Recommend technical design or process changes to improve efficiency, quality, or performance.",28
Recommend products or services to customers.,11
Recommend personnel decisions or human resources activities.,6
Recommend packing or shipping methods.,6
Recommend organizational process or policy changes.,20
Recommend legal actions.,6
Recommend investments to clients.,7
Recommend improvements to increase safety or reduce risks.,6
Recommend changes to improve computer or information systems.,23
Recommend changes or corrective procedures.,6
Receive shipments.,4
Receive information or instructions for performing work assignments.,16
Rebuild parts or components.,4
Reassemble equipment after repair.,20
Read work orders to determine material or setup requirements.,5
Read work orders or other instructions to determine product specifications or materials requirements.,38
Read work orders or descriptions of problems to determine repairs or modifications needed.,12
Read to students.,4
Read technical information needed to perform maintenance or repairs.,13
Read materials to determine needed actions.,4
Read maps to determine routes.,6
Read documents to gather technical information.,9
Purchase stocks of merchandise or supplies.,6
Purchase products or services.,16
"Purchase materials, equipment, or other resources.",27
Provide transportation information to passengers or customers.,26
Provide technical support for software maintenance or use.,13
Provide technical support for computer network issues.,7
Provide technical information or assistance to public.,15
Provide technical guidance to other personnel.,14
"Provide security escorts for officials, jury members, or other individuals.",3
Provide safety training.,7
Provide recommendations to others about computer hardware.,10
Provide patrons with directions to locales or attractions.,6
Provide notifications to customers or patrons.,14
Provide medical or cosmetic advice for clients.,9
Provide legal advice to clients.,6
Provide information to the general public.,10
Provide information to coworkers.,21
Provide information about landscaping services or costs.,4
"Provide health and wellness advice to patients, program participants, or caregivers.",29
Provide for basic needs of children.,8
Provide first aid or rescue assistance in emergencies.,7
Provide escort or transportation.,6
Provide educational materials to community members.,6
Provide educational information to the public.,6
Provide customers with general information or assistance.,8
Provide customer service to clients or users.,7
"Provide counsel, comfort, or encouragement to individuals or families.",11
Provide care for animals.,9
"Provide basic information to guests, visitors, or clients.",8
Provide basic health care services.,5
Provide attraction or event information to patrons.,13
Protect wildlife or natural areas.,4
Protect structures or surfaces near work areas to avoid damage.,6
Protect property from fire or water damage.,3
Protect patients or staff members using safety equipment.,6
"Proofread documents, records, or other files to ensure accuracy.",22
"Promote products, services, or programs.",25
"Promote products, activities, or organizations.",14
Promote environmental sustainability or conservation initiatives.,5
Promote educational institutions or programs.,41
Promote agricultural or hunting activities.,1
Program robotic equipment.,13
Program equipment to perform production tasks.,23
Process x-rays or other medical images.,9
Process sales or other transactions.,18
Process medical billing information.,13
Process library materials.,9
Process healthcare paperwork.,11
Process forensic or legal evidence in accordance with procedures.,9
Process customer bills or payments.,14
Process animal carcasses.,12
Prevent unauthorized individuals from entering restricted areas.,5
Present work to clients for approval.,9
Present sustainable products or services information to the public.,2
Present social services program information to the public.,10
Present research results to others.,11
Present medical research reports.,13
Present information to the public.,16
Present food or beverage information or menus to customers.,10
Present business-related information to audiences.,6
Prescribe treatments or therapies.,21
Prescribe medications.,36
Prescribe assistive medical devices or related treatments.,6
Prepare written decisions for legal proceedings.,4
Prepare tests.,48
Prepare technical reports for internal use.,10
Prepare technical or operational reports.,10
Prepare surfaces for finishing.,16
Prepare staff schedules or work assignments.,13
Prepare scientific or technical reports or presentations.,57
Prepare sales or other contracts.,18
Prepare research reports.,7
Prepare research or technical reports.,14
Prepare research or technical reports on environmental issues.,8
Prepare reports summarizing patient diagnostic or care activities.,21
Prepare reports related to compliance matters.,12
Prepare reports detailing student activities or performance.,15
Prepare regulatory or compliance documentation.,6
Prepare proposals or grant applications to obtain project funding.,18
Prepare proposal documents.,14
Prepare proposal documents or grant applications.,5
Prepare project budgets.,7
Prepare products for testing.,1
Prepare production storyboards.,2
Prepare procedural documents.,17
Prepare patients physically for medical procedures.,11
Prepare patient treatment areas for use.,5
Prepare outgoing shipments.,1
Prepare outgoing mail.,8
Prepare operational reports.,33
Prepare operational reports or records.,16
Prepare operational progress or status reports.,15
Prepare operational budgets.,26
Prepare operational budgets for green energy or other green operations.,6
Prepare official health documents or records.,12
Prepare medications or medical solutions.,19
Prepare medical supplies or equipment for use.,22
Prepare medical reports or documents.,14
Prepare medical instruments or equipment for use.,11
Prepare meat products for sale or consumption.,10
Prepare materials or solutions for animal or plant use.,3
Prepare materials for processing.,8
"Prepare materials for preservation, storage, or display.",9
Prepare maps.,11
Prepare legal or investigatory documentation.,11
Prepare legal documents.,20
Prepare land for agricultural use.,2
Prepare investigation or incident reports.,13
Prepare instruction manuals.,4
Prepare informational or reference materials.,6
Prepare information or documentation related to legal or regulatory matters.,8
Prepare hot or cold beverages.,8
Prepare hoses or water supplies to fight fires.,1
Prepare healthcare training materials.,8
Prepare hazardous waste for processing or disposal.,12
Prepare graphics or other visual representations of information.,17
Prepare forms or applications.,12
Prepare foods or meals.,7
Prepare foods for cooking or serving.,14
Prepare financial documents.,17
"Prepare financial documents, reports, or budgets.",46
Prepare film for distribution or use.,2
Prepare fabrics or materials for processing or production.,6
Prepare explosives for detonation.,7
Prepare excavation or extraction sites for commissioning or decommissioning.,4
Prepare employee work schedules.,10
Prepare drawings or diagrams of products or services.,4
Prepare documentation of legal proceedings.,4
Prepare documentation for permits or licenses.,4
"Prepare documentation for contracts, transactions, or regulatory compliance.",37
Prepare detailed work plans.,25
Prepare data for analysis.,11
"Prepare contracts, disclosures, or applications.",12
Prepare contracts or other transaction documents.,4
Prepare compounds or solutions to be used for repairs.,5
Prepare compounds or solutions for products or testing.,7
Prepare chemicals for work application.,8
Prepare cash for deposit or disbursement.,11
Prepare business correspondence.,11
Prepare breads or doughs.,5
Prepare biological specimens for laboratory analysis.,24
Prepare biological samples for testing or analysis.,6
"Prepare biological feedstock for physical, chemical, or biological processing.",3
Prepare analytical reports.,12
Prepare administrative documents.,3
Prepare activity or work schedules.,6
Prepare accident or incident reports.,10
Practice athletic or artistic skills.,12
Pour materials into or on designated areas.,14
Position structural components.,15
Position safety or support equipment.,8
Position raw materials on processing or production equipment.,6
"Position patterns on equipment, materials, or workpieces.",7
Position patients for treatment or examination.,14
Position material handling equipment.,9
Position hand tools.,1
"Position equipment using hand tools, power tools, or heavy equipment.",8
Position containers to receive materials or workpieces.,5
Position construction or extraction equipment.,12
Position construction forms or molds.,7
Position animal trapping or capture equipment.,2
"Polish materials, workpieces, or finished products.",15
Plant greenery to improve landscape appearance.,4
"Plant crops, trees, or other plants.",3
Plan work procedures.,9
Plan work operations.,7
Plan special events.,5
Plan social sciences research.,7
Plan programs to address community mental wellness needs.,6
Plan programs to address community health issues.,7
Plan production or operational procedures or sequences.,19
Plan natural resources conservation or restoration programs.,15
Plan menu options.,9
"Plan layout of construction, installation, or repairs.",5
Plan implementation or promotion of recycling programs.,4
Plan flight operations.,7
Plan facility layouts or designs.,7
Plan experiential learning activities.,19
Plan environmental research.,11
Plan employee work schedules.,3
Plan educational activities.,34
"Plan conferences, programs, or special events.",5
Plan community programs or activities for the general public.,44
Plan biological research.,6
Place materials into molds.,15
Pilot aircraft.,9
Perform student enrollment or registration activities.,37
Perform music for the public.,13
Perform marketing activities.,6
Perform manual service or maintenance tasks.,9
"Perform manual agricultural, aquacultural, or horticultural tasks.",6
Perform human resources activities.,18
Perform housekeeping duties.,5
Perform forest firefighting activities.,4
Perform for recordings.,3
Perform dances.,4
Perform clerical work in medical settings.,36
Perform basic equipment maintenance.,9
Perform animal breeding procedures.,8
Perform administrative or clerical tasks.,13
"Pay charges, fees, or taxes.",7
Patrol properties to maintain safety.,9
Patrol natural areas to ensure safety or enforce regulations.,4
Participate in staffing decisions.,6
Participate in physical training to maintain fitness.,1
Participate in athletic events.,3
Paint surfaces or equipment.,9
Package products for storage or shipment.,16
Package objects for shipping.,14
Package materials or products.,7
Package materials for transport.,2
Package food or supplies.,7
Package agricultural products for shipment or further processing.,5
Oversee business processes.,11
Organize special events.,11
Organize recreational activities or events.,13
Organize informational materials.,5
Order medical supplies or equipment.,15
Order medical diagnostic or clinical tests.,22
"Order materials, supplies, or equipment.",73
Order instructional or library materials or equipment.,55
Order construction or extraction materials or equipment.,11
Operate woodworking equipment.,7
Operate welding equipment.,33
Operate vehicles or material-moving equipment.,21
Operate transportation equipment to demonstrate function or malfunction.,3
Operate textile cutting or production equipment.,16
Operate surveillance equipment to detect suspicious or illegal activities.,9
Operate still or video cameras or related equipment.,12
Operate ships or other watercraft.,10
Operate sewing equipment.,16
Operate road-surfacing equipment.,9
Operate recycling equipment.,3
Operate pumps or compressors.,8
Operate pumping systems or equipment.,22
Operate precision equipment to control microscopic or nanoscopic processes.,5
Operate photographic developing or print production equipment.,13
Operate painting or coating equipment.,10
Operate packing or other material processing equipment.,4
Operate on patients to treat conditions.,31
Operate office equipment.,21
Operate natural gas generation equipment.,3
Operate natural gas distribution equipment.,4
Operate mixing equipment.,11
Operate mining equipment.,5
Operate metal or plastic forming equipment.,30
Operate medical equipment.,6
Operate locomotives or other rail vehicles.,11
Operate laboratory or field equipment.,8
Operate laboratory equipment to analyze medical samples.,8
Operate irrigation systems.,4
Operate industrial equipment.,14
Operate heavy-duty construction or installation equipment.,16
Operate heating or drying equipment.,10
Operate grounds maintenance equipment.,15
Operate grinding equipment.,46
Operate green energy production equipment.,7
Operate garment treatment equipment.,6
Operate gaming equipment.,5
Operate forklifts or other loaders.,6
Operate forestry equipment.,12
Operate firefighting equipment.,8
Operate farming equipment.,10
Operate excavation equipment.,10
Operate equipment to print images or bind printed images together.,8
Operate equipment or vehicles to clear construction sites or move materials.,7
Operate energy production equipment.,15
Operate energy distribution equipment.,11
Operate drilling equipment.,7
Operate digital imaging equipment.,5
Operate diagnostic or therapeutic medical instruments or equipment.,35
Operate diagnostic imaging equipment.,29
Operate detonation equipment.,6
Operate cutting equipment.,27
"Operate cranes, hoists, or other moving or lifting equipment.",57
"Operate cooking, baking, or other food preparation equipment.",11
Operate conveyors or other industrial material moving equipment.,9
"Operate control consoles for sound, lighting or video.",11
Operate computers or computerized equipment.,13
Operate computer systems.,10
"Operate communications, transmissions, or broadcasting equipment.",18
Operate communications equipment or systems.,19
Operate chemical processing or water treatment systems or equipment.,7
Operate cash registers.,5
Operate biomass or biofuel production equipment.,8
Operate audiovisual equipment.,4
Operate audio-visual equipment.,8
Operate audio recording equipment.,8
Obtain written authorization to perform activities.,6
Obtain property information.,7
Obtain personal or financial information about customers or applicants.,15
Obtain information about goods or services.,9
Obtain documentation to authorize activities.,6
Obtain copyrights or other legal permissions.,5
Observe individuals' activities to gather information or compile evidence.,8
Observe equipment in operation to detect potential problems.,11
Notify others of equipment repair or maintenance needs.,28
Notify others of equipment problems.,4
"Notify others of emergencies, problems, or hazards.",18
Negotiate sales or lease agreements for products or services.,12
Negotiate purchases or contracts.,4
Negotiate project specifications.,4
Negotiate prices or other sales terms.,11
Negotiate labor disputes.,3
Negotiate for services.,6
Negotiate financial arrangements.,7
Negotiate contracts with clients or service providers.,11
"Negotiate contracts for transportation, distribution, or logistics services.",7
"Negotiate contracts for environmental remediation, green energy, or renewable resources.",5
Negotiate agreements to resolve disputes.,8
Navigate water vessels.,4
"Move products, materials, or equipment between work areas.",19
Move patients to or from treatment areas.,11
"Move materials, equipment, or supplies.",23
Move large objects using heavy equipment.,8
Move furniture.,6
"Move equipment, supplies or food to required locations.",8
Move construction or extraction materials to locations where they are needed.,15
Mount materials or workpieces onto production equipment.,40
Mount attachments or tools onto production equipment.,52
Monitor work environment to ensure safety or adherence to specifications.,5
Monitor work areas to provide security.,3
Monitor work areas or procedures to ensure compliance with safety procedures.,5
Monitor video displays of medical equipment to ensure proper functioning.,3
Monitor vehicle movement or location.,13
Monitor traffic signals.,5
Monitor the security of digital information.,5
Monitor the productivity or efficiency of industrial operations.,10
Monitor the performance of computer networks.,7
Monitor the handling of hazardous materials or medical wastes.,5
Monitor surroundings to detect potential hazards.,12
Monitor student performance.,35
"Monitor student behavior, social development, or health.",16
Monitor sales activities.,7
Monitor resources.,5
Monitor recreational facility operations.,3
Monitor processes for compliance with standards.,13
Monitor performance of organizational members or partners.,12
Monitor patron activities to identify problems or potential problems.,8
Monitor patients to detect health problems.,4
Monitor patients following surgeries or other treatments.,9
Monitor patient progress or responses to treatments.,31
"Monitor patient conditions during treatments, procedures, or activities.",30
Monitor organizational processes.,7
Monitor organizational procedures to ensure proper functioning.,8
Monitor organizational compliance with regulations.,19
Monitor operations to ensure compliance with safety or security policies or regulations.,8
Monitor operational quality or safety.,15
Monitor operational procedures in technical environments to ensure conformance to standards.,12
Monitor operational activities to ensure compliance with regulations or standard operating procedures.,3
Monitor nutrition related activities of individuals or groups.,7
Monitor medical facility activities to ensure adherence to standards or regulations.,7
Monitor medical equipment to ensure proper functioning.,6
Monitor market conditions or trends.,11
Monitor lubrication of equipment or workpieces.,3
Monitor loading processes to ensure they are performed properly.,5
Monitor inventories of products or materials.,19
Monitor instruments to ensure proper production conditions.,13
Monitor industrial energy consumption or management.,2
Monitor health or behavior of people or animals.,6
"Monitor green energy equipment, systems, or facilities.",5
Monitor food services operations to ensure procedures are followed.,6
Monitor flow of cash or other resources.,6
Monitor financial information.,6
Monitor financial indicators.,6
Monitor financial activities.,2
Monitor facilities or operational systems.,5
Monitor extraction operations.,8
Monitor external factors impacting operations.,1
Monitor external affairs or events affecting business operations.,9
Monitor equipment operation to ensure that products are not flawed.,13
Monitor equipment operation to ensure proper functioning.,40
Monitor equipment gauges or displays to ensure proper operation.,12
Monitor equipment fluid levels.,4
Monitor environmental impacts of production or development activities.,7
Monitor environmental conditions to detect hazards.,5
Monitor environment to ensure safety.,4
Monitor engine operation or functioning.,6
Monitor current trends.,12
Monitor construction operations.,9
Monitor conditions at energy-producing landfills.,1
Monitor computer system performance to ensure proper operation.,6
Monitor clients to evaluate treatment progress.,9
Monitor cargo area conditions.,5
Monitor business indicators.,5
Monitor building premises to ensure occupant or visitor safety.,2
Monitor broadcasting operations to ensure proper functioning.,5
Monitor biofuel production operations.,4
Monitor availability of equipment or supplies.,12
Monitor animal behavior or condition.,6
Monitor alarm systems.,5
Monitor activities of individuals to ensure safety or compliance with rules.,10
Monitor activities affecting environmental quality.,3
Monitor access or flow of people to prevent problems.,6
Modify treatment plans to accommodate client needs.,5
Modify teaching methods or materials to accommodate student needs.,18
Modify software programs to improve performance.,14
Model operational processes.,2
"Model cosmetics, clothing, or accessories.",6
Mix substances to create chemical solutions.,20
Mix substances or compounds needed for work activities.,26
Mix sound inputs.,6
Mix ingredients.,6
Mix ingredients to create specific finishes.,8
Merchandise healthcare products or services.,7
"Melt metal, plastic, or other materials to prepare for production.",5
Meet with individuals involved in legal processes to provide information and clarify issues.,7
Meet with coworkers to communicate work orders or plans.,5
Mediate disputes.,8
Measure work site dimensions.,14
Measure the physical or physiological attributes of patients.,14
Measure the level or depth of water or other liquids.,11
Measure stock or liquid levels in sustainable fuel production systems.,2
Measure radiation levels.,6
Measure product or material dimensions.,9
Measure physical or chemical properties of materials or objects.,9
Measure physical characteristics of forestry or agricultural products.,7
"Measure materials to mark reference points, cutting lines, or other indicators.",15
Measure materials or objects for installation or assembly.,23
Measure ingredients.,5
Measure ingredients or substances to be used in production processes.,25
Measure equipment outputs.,6
Measure environmental characteristics.,9
Measure effectiveness of business strategies or practices.,4
Measure distances or dimensions.,13
Measure dimensions of completed products or workpieces to verify conformance to specifications.,58
Measure clients to ensure proper product fit.,7
"Market products, services, or events.",8
Mark reference points on construction materials.,26
"Mark products, workpieces, or equipment with identifying information.",29
Mark materials or objects for identification.,9
Mark agricultural or forestry products for identification.,9
Maneuver workpieces in equipment during production.,6
Manage scientific or technical project resources.,6
Manage preparation of special meals or diets.,8
Manage outreach activities.,6
Manage organizational security activities.,11
Manage organizational or project budgets.,10
Manage organizational or program finances.,4
"Manage operations, research, or logistics projects.",12
Manage operations of artistic or entertainment departments or organizations.,10
Manage inventories of products or organizational resources.,6
Manage information technology projects or system activities.,17
Manage human resources activities.,23
Manage healthcare operations.,19
Manage guest services.,5
Manage food service operations or parts of operations.,7
Manage financial activities of the organization.,7
Manage environmental sustainability projects.,7
Manage documentation to ensure organization or accuracy.,6
Manage control system activities in organizations.,10
Manage content of broadcasts or presentations.,9
Manage construction activities.,13
Manage clerical or administrative activities.,7
Manage budgets for personal services operations.,6
Manage budgets for appropriate resource allocation.,6
Manage agricultural or forestry operations.,20
"Make travel, accommodations, or entertainment arrangements for others.",9
Make patient-assistive devices or device models.,6
Make decisions in legal cases.,8
Maintain work equipment or machinery.,27
Maintain watercraft engines or machinery.,12
Maintain vehicles in good working condition.,22
Maintain the order of legal documents.,5
Maintain the inventory of equipment.,5
Maintain test equipment.,6
Maintain sustainable energy production equipment.,7
Maintain surveillance of individuals or establishments.,11
Maintain supply or equipment inventories.,11
Maintain student records.,56
Maintain sterile operative fields.,6
Maintain social services program records.,3
Maintain security.,9
Maintain safety.,3
Maintain repair or maintenance records.,23
Maintain regulatory or compliance documentation.,11
"Maintain records, documents, or other files.",16
Maintain records of sales or other business transactions.,15
Maintain records of customer accounts.,5
Maintain recording or broadcasting equipment.,8
Maintain public order or security.,5
Maintain professional social services knowledge.,5
Maintain professional knowledge or certifications.,18
Maintain production or processing equipment.,42
Maintain plumbing structures or fixtures.,10
Maintain personnel records.,10
Maintain operational records.,54
Maintain operational records or records systems.,22
Maintain operational records for green energy processes or other environmentally-sustainable activities.,8
Maintain office equipment in proper operating condition.,10
Maintain medical records.,21
Maintain medical or professional knowledge.,36
Maintain medical laboratory equipment.,9
Maintain medical facility records.,20
Maintain medical equipment or instruments.,27
Maintain mechanical equipment.,15
Maintain material moving equipment in good working condition.,13
Maintain logs of production activities.,7
Maintain locomotives or other rail equipment in good working condition.,5
Maintain laboratory or technical equipment.,13
Maintain knowledge of laws or regulations.,2
Maintain knowledge of current developments in area of expertise.,23
Maintain knowledge of business operations.,5
Maintain inventory records.,10
Maintain inventory of medical supplies or equipment.,21
"Maintain inventories of materials, equipment, or products.",69
Maintain green energy production plant equipment.,3
"Maintain forestry, hunting, or agricultural equipment.",10
"Maintain food, beverage, or equipment inventories.",6
Maintain fire fighting tools or equipment.,5
Maintain financial or account records.,37
Maintain facilities.,11
Maintain extraction or excavation equipment.,5
Maintain equipment or systems to ensure proper functioning.,6
Maintain electronic equipment.,13
Maintain electromechanical equipment.,6
Maintain drilling equipment.,8
Maintain data in information systems or databases.,22
Maintain current knowledge related to work activities.,12
Maintain contingency plans for disaster recovery.,4
Maintain construction tools or equipment.,12
Maintain computer networks to enhance performance and user access.,7
Maintain computer hardware.,6
Maintain computer equipment or software.,10
Maintain client records.,9
Maintain client information or service records.,13
Maintain clean work areas.,6
Maintain call records.,4
Lubricate production equipment.,26
Lubricate equipment to allow proper functioning.,22
Locate suspicious objects or vehicles.,7
Locate natural resources using geospatial or other environmental data.,7
Locate fires or fire danger areas.,5
Locate equipment or materials in need of repair or replacement.,7
Locate animals for fishing or hunting purposes.,3
"Load shipments, belongings, or materials.",13
Load or unload materials used in construction or extraction.,9
Load materials or equipment.,8
Load materials into production equipment.,52
Load materials into equipment for processing.,8
Load materials into construction equipment.,8
Load items into ovens or furnaces.,10
Load digital images onto computers or websites.,3
Load agricultural or forestry products for shipment.,4
Lift materials or workpieces using cranes or other lifting equipment.,15
Liaise between departments or other groups to improve function or communication.,10
Level machines or equipment.,3
Lead classes or community events.,14
Lay out work according to specifications.,6
Lay out parts to prepare for assembly.,5
Lay cables to connect equipment.,10
Label production materials.,1
Issue warnings or citations.,4
Issue permits or other legal documents.,4
"Issue money, credit, or vouchers.",6
Issue documentation or identification to customers or employees.,6
Issue certificates or licenses.,2
"Irrigate lawns, trees, or plants.",4
Investigate work related complaints to determine corrective actions.,4
"Investigate transportation incidents, violations, or complaints.",4
Investigate the environmental impact of projects.,19
"Investigate system, equipment, or product failures.",6
Investigate safety of work environment.,8
Investigate personal characteristics or activities of individuals.,5
Investigate legal issues.,23
Investigate industrial or transportation accidents.,3
Investigate illegal or suspicious activities.,15
Investigate crimes committed within organizations.,7
Investigate accidents to determine causes.,6
Inventory medical supplies or equipment.,13
Inventory materials or equipment.,6
"Interview witnesses, suspects, or claimants.",9
Interview people to obtain information about actions or status of individuals.,4
Interview people to gather information about criminal activities.,8
Interview patients to gather medical information.,5
Interview others for news or entertainment purposes.,3
"Interview employees, customers, or others to collect information.",30
"Interview clients to gather information about their backgrounds, needs, or progress.",11
Interview clients to gather financial information.,4
Interview claimants to get information related to legal proceedings.,4
Intervene in crisis situations to assist clients.,6
Interpret research or operational data.,16
Interpret financial information for others.,6
Interpret design or operational test results.,7
Interpret cultural or religious information for others.,4
"Interpret blueprints, specifications, or diagrams to inform installation, development or operation activities.",13
Interact with patients to build rapport or provide emotional support.,8
Instruct workers to use equipment or perform technical procedures.,10
Instruct staff in work policies or procedures.,6
Instruct patients in the use of assistive equipment.,15
Instruct college students in social sciences or humanities disciplines.,8
Instruct college students in physical or life sciences.,11
Install wooden structural components.,9
Install vehicle parts or accessories.,16
Install trim or paneling.,4
Install structural foundations.,3
Install solar energy systems.,13
Install safety or support equipment.,6
Install roofing materials.,18
Install programs onto computer or computer-controlled equipment.,6
Install production equipment or systems.,6
Install prefabricated or manufactured structures.,1
Install plumbing or piping.,22
Install piping for installation or maintenance activities.,6
"Install parts, assemblies, or attachments in transportation or material handling equipment.",14
Install metering equipment.,5
Install metal structural components.,22
Install mechanical components in production equipment.,14
Install masonry materials.,21
Install machine or equipment replacement parts.,11
Install insulation in equipment or structures.,23
Install instrumentation or electronic equipment or systems.,7
Install home appliances.,4
"Install heating, ventilation, or air conditioning (HVAC) equipment.",5
Install hardware or other interior fixtures.,4
"Install green structural components, equipment or systems.",5
Install green plumbing or water handling systems.,2
Install gauges or controls.,5
Install fencing or other barriers.,9
Install equipment to protect or support trees.,2
Install equipment attachments or components.,10
"Install energy-efficient heating, ventilation, or air conditioning (HVAC) equipment.",9
"Install electrical components, equipment, or systems.",34
Install drilling equipment.,4
Install doors or windows.,7
Install computer software.,17
Install computer hardware.,13
Install carpet or flooring.,8
Install building fixtures.,13
Install audio or communications equipment.,6
Inspected printed materials or other images to verify quality.,12
Inspect work to ensure standards are met.,8
Inspect work sites to identify potential environmental or safety hazards.,10
Inspect work sites to determine condition or necessary repairs.,9
Inspect work environments to ensure safety.,7
Inspect vehicles to determine overall condition.,5
Inspect timing devices.,5
Inspect textile products.,5
Inspect telecommunications equipment to identify problems.,6
Inspect systems to determine if they are operating properly.,7
Inspect sustainable energy production facilities or equipment.,4
Inspect structural components of vehicles to identify problems.,5
Inspect shipments to ensure correct order fulfillment.,6
Inspect sets or exhibits.,3
Inspect safety equipment to ensure proper functioning.,3
Inspect products or operations to ensure that standards are met.,12
Inspect production equipment.,24
Inspect plumbing systems or fixtures.,7
Inspect operations of green energy facilities.,6
Inspect operational processes.,6
Inspect motor vehicles.,20
"Inspect metal, plastic, or composite products.",13
Inspect medical or dental assistive devices.,2
"Inspect mechanical equipment to locate damage, defects, or wear.",17
Inspect mechanical components of vehicles to identify problems.,23
Inspect materials or equipment to determine need for repair or replacement.,4
Inspect material-moving equipment to detect problems.,7
Inspect lumber or raw woodstock.,3
Inspect locomotives or other railroad equipment.,9
Inspect landscaping to determine treatment needs.,3
Inspect items for damage or defects.,11
Inspect installed components or assemblies.,3
Inspect industrial or commercial equipment to ensure proper operation.,10
Inspect gas systems or components to identify leaks or other potential hazards.,4
"Inspect garments for defects, damage, or stains.",5
Inspect food products.,9
Inspect finishes of workpieces or finished products.,8
Inspect finished products to locate flaws.,11
Inspect facilities.,7
"Inspect facilities, equipment or supplies to ensure conformance to standards.",11
Inspect facilities to ensure compliance with security or safety regulations.,9
"Inspect facilities to ensure compliance with safety, quality, or service standards.",5
Inspect facilities to ensure compliance with fire regulations.,6
Inspect facilities or sites to determine if they meet specifications or standards.,17
Inspect facilities or equipment to ensure specifications are met.,10
Inspect facilities for cleanliness.,4
Inspect equipment to locate or identify electrical problems.,5
Inspect equipment to ensure safety or proper functioning.,16
Inspect equipment to ensure proper functioning.,17
Inspect equipment or tools to be used in construction or excavation.,11
Inspect equipment or systems.,9
Inspect equipment or facilities to determine condition or maintenance needs.,6
Inspect electrical or electronic systems for defects.,13
Inspect condition or functioning of facilities or equipment.,12
Inspect condition of natural environments.,7
Inspect completed work to ensure proper installation.,11
Inspect completed work to ensure proper functioning.,7
Inspect communications or broadcasting equipment.,1
Inspect cargo to identify potential hazards.,8
Inspect cargo to ensure it is properly loaded or secured.,5
Inspect cargo areas for cleanliness or condition.,3
Inspect buildings or grounds to determine condition.,3
Inspect areas for compliance with sanitation standards.,3
Inspect aircraft or aircraft components.,8
"Inform viewers, listeners, or audiences.",11
"Inform the public about policies, services or procedures.",11
Inform others about laws or regulations.,3
Inform medical professionals regarding patient conditions and care.,24
Inform individuals or organizations of status or findings.,14
Incorporate green features into the design of structures or facilities.,9
Implement transportation changes to reduce environmental impact.,4
Implement therapeutic programs to improve patient functioning.,6
Implement security measures for computer or information systems.,21
Implement organizational process or policy changes.,55
Implement financial decisions.,6
Implement design or process improvements.,13
Implement advertising or marketing initiatives.,11
Implement advanced life support techniques.,12
Immunize patients.,8
Immerse objects or workpieces in cleaning or coating solutions.,11
Ignite fuel to activate heating equipment.,4
Identify sustainable business practices.,5
Identify strategic business investment opportunities.,5
Identify potential customers.,15
Identify opportunities to improve operational efficiency.,13
Identify opportunities for green initiatives.,5
Identify new applications for existing technologies.,4
Identify job or employment opportunities.,1
Identify investment opportunities or strategies.,3
Identify information technology project resource requirements.,9
Identify implications for cases from legal precedents or other legal information.,9
Identify environmental concerns.,5
Identify actions needed to bring properties or facilities into compliance with regulations.,2
Host events.,3
Hold patients to ensure proper positioning or safety.,8
Hire personnel.,28
Help patrons use library or archival resources.,5
Help clients get needed services or resources.,9
Heat material or workpieces to prepare for or complete production.,11
Harvest agricultural products.,2
Handle luggage or other possessions for patrons.,7
Handle caskets.,7
Guide patrons on tours.,3
Guide class discussions.,35
Guard facilities.,3
Groom wigs or hairpieces.,5
Grind parts to required dimensions.,5
"Greet customers, patrons, or visitors.",19
Give medications or immunizations.,8
Gather physical survey data.,10
Gather organizational performance information.,7
Gather medical information from patient histories.,15
Gather information in order to provide services to clients.,5
Gather information for news stories.,9
Gather information about work conditions or locations.,8
Gather financial records.,7
Gather customer or product information to determine customer needs.,19
"Format digital documents, data, or images.",11
"Forecast economic, political, or social trends.",5
Follow safety procedures for vehicle operation.,10
Follow protocols or regulations for healthcare activities.,10
Fit patients for assistive devices.,3
"Fit eyeglasses, contact lenses, or other vision aids.",4
Finish concrete surfaces.,14
"Fill cracks, imperfections, or holes in products or workpieces.",8
File documents or records.,17
Feed patients.,7
Feed materials or products into or through equipment.,22
Fabricate products or components using machine tools.,4
Fabricate parts or components.,36
Fabricate medical devices.,18
Fabricate devices or components.,6
Explain use of products or services.,7
Explain technical product or service information to customers.,24
Explain technical medical information to patients.,4
"Explain regulations, policies, or procedures.",69
Explain project details to the general public.,7
Explain medical procedures or test results to patients or family members.,26
Explain financial information to customers.,12
"Explain engineering drawings, specifications, or other technical information.",7
Execute sales or other financial transactions.,35
Exchange information with colleagues.,24
Examine records or other types of data to investigate criminal activities.,19
Examine product information to ensure compliance with regulations.,5
Examine physical characteristics of natural stone or stone products.,1
Examine physical characteristics of gemstones or precious metals.,5
Examine personal documentation to ensure that it is valid.,6
Examine patients to assess general physical condition.,40
"Examine mouth, teeth, gums, or related facial structures.",6
Examine medical instruments or equipment to ensure proper operation.,12
Examine marketing materials to ensure compliance with policies or regulations.,4
Examine financial records.,23
Examine financial records to ensure compliance with policies or regulations.,4
Examine financial records or processes.,8
Examine documents to verify adherence to requirements.,7
Examine debris to obtain information about causes of fires.,4
Examine crime scenes to obtain evidence.,8
Examine condition of property or products.,13
Examine characteristics or behavior of living organisms.,9
"Examine animals to detect illness, injury or other problems.",4
Evaluate utility of software or hardware technologies.,19
Evaluate treatment options to guide medical decisions.,7
"Evaluate training programs, instructors, or materials.",6
Evaluate the effectiveness of counseling or educational programs.,7
Evaluate the characteristics of green technologies.,2
Evaluate technical data to determine effect on designs or plans.,6
Evaluate student work.,115
Evaluate skills of athletes or performers.,7
Evaluate scholarly materials.,8
Evaluate reports or designs to determine work needs.,2
Evaluate quality of plants or crops.,6
Evaluate quality of materials or products.,28
Evaluate quality of food ingredients or prepared foods.,5
Evaluate projects to determine compliance with technical specifications.,3
Evaluate project designs to determine adequacy or feasibility.,6
Evaluate program effectiveness.,17
Evaluate potential problems in home or work environments of clients.,5
"Evaluate potential of products, technologies, or resources.",7
Evaluate plans or specifications to determine technological or environmental implications.,6
Evaluate personnel practices to ensure adherence to regulations.,12
Evaluate performance of educational staff.,13
"Evaluate performance of applicants, trainees, or employees.",4
Evaluate patient outcomes to determine effectiveness of treatments.,7
"Evaluate patient functioning, capabilities, or health.",17
Evaluate new technologies or methods.,7
Evaluate logistics methods to reduce environmental impact.,8
Evaluate log quality.,5
Evaluate information related to legal matters in public or personal records.,11
Evaluate green operations or programs for compliance with standards or regulations.,8
Evaluate environmental or sustainability projects.,6
Evaluate environmental impact of operational or development activities.,5
Evaluate energy production data.,3
Evaluate employee performance.,39
Evaluate effectiveness of personnel policies or practices.,6
Evaluate effectiveness of educational programs.,42
Evaluate designs or specifications to ensure quality.,15
Evaluate data quality.,10
Evaluate current or prospective maintenance employees.,3
Evaluate construction projects to determine compliance with external standards or regulations.,5
Evaluate condition of properties.,4
Evaluate civic projects or public policies.,5
Evaluate characteristics of products.,1
Evaluate characteristics of individuals to determine needs or eligibility.,9
Evaluate characteristics of equipment or systems.,17
Evaluate characteristics of archival or historical objects.,5
Evaluate capabilities or training needs.,7
Evaluate applicable laws and regulations to determine impact on organizational activities.,9
Estimate time requirements for development or production projects.,3
Estimate time or monetary resources needed to complete projects.,5
Estimate technical or resource requirements for development or production projects.,18
"Estimate supplies, ingredients, or staff requirements for food preparation activities.",4
Estimate operational costs.,21
Estimate materials requirements for projects.,10
Estimate material requirements for production.,4
Estimate maintenance service requirements or costs.,5
Estimate labor requirements.,5
"Estimate labor or resource requirements for forestry, fishing, or agricultural operations.",1
Estimate green project costs.,5
Estimate demand for products or services.,2
Estimate costs or terms of sales.,11
"Estimate costs of products, services, or materials.",6
Estimate costs of goods or services.,11
Estimate costs for projects or productions.,5
Estimate costs for labor or materials.,12
Estimate cost or material requirements.,4
Estimate construction project labor requirements.,5
Estimate construction project costs.,8
Establish work standards.,4
Establish treatment goals.,3
"Establish standards for products, processes, or procedures.",7
Establish standards for medical care.,5
Establish rules or policies governing student behavior.,15
Establish organizational guidelines or policies.,13
Establish operational policies.,5
Establish nursing policies or standards.,7
Establish interpersonal business relationships to facilitate work activities.,18
Establish business management methods.,5
"Escort prisoners to courtrooms, prisons, or other facilities.",4
Entertain public with comedic or dramatic performances.,10
Enter patient or treatment data into computers.,11
Enter information into databases or software programs.,31
"Enter commands, instructions, or specifications into equipment.",14
Enter codes or other information into computers.,8
"Engrave designs, text, or other markings onto materials, workpieces, or products.",14
Engage patients in exercises or activities.,7
Enforce rules or regulations.,12
Enforce rules or policies governing student behavior.,13
Encourage students.,14
Encourage patients or clients to develop life skills.,3
Encourage patients during therapeutic activities.,7
Embalm corpses.,13
Educate the public about fire safety or prevention.,4
Educate clients on financial planning topics.,9
Edit written materials.,24
Edit documents.,9
Edit audio or video recordings.,15
Drive vehicles to transport patrons.,5
Drive vehicles to transport individuals or equipment.,6
Drive trucks or truck-mounted equipment.,13
Drive trucks or other vehicles to or at work sites.,12
Drive passenger vehicles.,17
"Drill holes in parts, equipment, or materials.",24
Drill holes in earth or rock.,4
Drill holes in construction materials.,12
Draw guide lines or markings on materials or workpieces using patterns or other references.,37
Draw detailed or technical illustrations.,25
Draft legislation or regulations.,3
Download data.,2
Document work hours or activities.,6
Document test results.,4
Document technical specifications or requirements.,7
Document technical design details.,20
Document organizational or operational procedures.,9
Document operational procedures.,11
Document operational activities.,25
Document network-related activities or tasks.,9
Document lesson plans.,12
Document legal or regulatory information.,3
Document information related to legal proceedings.,7
"Document events or evidence, using photographic or audiovisual equipment.",4
Document design or operational test results.,15
Document design or development procedures.,11
Document client health or progress.,5
Distribute supplies to workers.,6
Distribute resources to patrons or employees.,7
Distribute promotional literature or samples to customers.,8
Distribute materials to employees or customers.,11
Distribute instructional or library materials.,23
Distribute incoming mail.,7
Dispose of trash or waste materials.,7
Dispose of hazardous materials.,5
Dispose of biomedical waste in accordance with standards.,8
Display student work.,11
Dismantle heavy equipment or machinery.,6
Dismantle equipment or temporary structures.,7
Discuss student progress with parents or guardians.,31
Discuss service options or needs with clients.,6
Discuss production content and progress with others.,9
Discuss problems or issues with supervisors.,26
"Discuss performance, complaints, or violations with supervisors.",4
Discuss goods or services information with customers or patrons.,10
Discuss designs or plans with clients.,9
Discuss design or technical features of products or services with technical personnel.,10
Discuss child development and behavior with parents or guardians.,5
"Discuss business strategies, practices, or policies with managers.",10
Discuss account status or activity with customers or patrons.,14
Disburse funds from clients accounts to creditors.,3
Disassemble equipment to inspect for deficiencies.,7
Disassemble equipment for maintenance or repair.,38
Disable door locks.,2
Direct vehicle traffic.,15
Direct technical activities or operations.,6
Direct surveying activities.,5
Direct security operations.,3
Direct scientific activities.,7
"Direct sales, marketing, or customer service activities.",16
Direct quality control activities.,10
Direct productions or performances.,7
Direct passenger or freight transport activities.,14
"Direct organizational operations, projects, or services.",29
Direct operations of correctional facilities.,3
Direct operational or production activities.,36
Direct natural resources management or conservation programs.,8
Direct natural resources extraction projects.,3
Direct medical science or healthcare programs.,9
Direct material handling or moving activities.,18
Direct maintenance or repair activities.,7
Direct maintenance and repair activities in green energy production facilities.,7
Direct law enforcement activities.,6
Direct installation activities.,8
Direct industrial production activities.,9
Direct healthcare delivery programs.,13
Direct green energy production operations.,9
Direct funeral or mortuary activities.,12
Direct fundraising or financing activities.,7
Direct fire fighting or prevention activities.,13
Direct financial operations.,18
Direct facility maintenance or repair activities.,12
Direct equipment maintenance or repair activities.,8
Direct environmental development activities.,5
Direct energy production or management activities.,10
Direct employee training programs.,4
Direct emergency management activities.,6
Direct design or development activities.,8
Direct department activities.,36
Direct criminal investigations.,3
Direct courtroom activities or procedures.,6
Direct construction or extraction personnel.,20
Direct construction activities.,5
Direct administrative or support services.,8
Direct activities of subordinates.,14
"Direct activities of agricultural, forestry, or fishery employees.",6
Dig holes or trenches.,18
Diagnose neural or psychological disorders.,9
Diagnose medical conditions.,38
Diagnose equipment malfunctions.,8
Diagnose dental conditions.,2
Devise research or testing protocols.,19
Develop working relationships with others to facilitate program activities.,6
Develop treatment plans that use non-medical therapies.,21
Develop treatment plans for patients or clients.,13
Develop training materials.,11
Develop tools to diagnose or assess needs.,3
Develop theories or models of social phenomena.,1
Develop theories or models of physical phenomena.,9
Develop testing routines or procedures.,18
Develop technical specifications for systems or equipment.,7
Develop technical processes to improve the efficiency of biofuel production.,7
Develop technical or scientific databases.,9
Develop technical methods or processes.,26
Develop sustainable organizational policies or practices.,10
Develop sustainable industrial or development methods.,6
Develop sustainable business strategies or practices.,5
Develop strategies or programs for students with special needs.,30
Develop specifications or procedures for website development or maintenance.,10
Develop specifications for new products or processes.,5
Develop specifications for computer network operation.,3
Develop software or computer applications.,11
Develop software or applications for scientific or technical use.,19
Develop scientific or mathematical models.,6
"Develop safety standards, policies, or procedures.",13
Develop proposals for current or prospective customers.,7
Develop promotional strategies or plans.,10
Develop promotional strategies for religious organizations.,4
Develop promotional materials.,10
Develop program goals or plans.,5
Develop professional relationships or networks.,7
Develop procedures to evaluate organizational activities.,13
Develop procedures for data management.,12
Develop procedures for data entry or processing.,4
"Develop policies or procedures for archives, museums or libraries.",4
Develop plans to manage natural or renewable resources.,11
Develop plans for programs or services.,8
Develop performance metrics or standards related to information technology.,11
Develop patient therapy programs.,4
Develop organizational policies or programs.,35
Develop organizational methods or procedures.,8
Develop organizational goals or objectives.,16
Develop operational methods or processes that use green materials or emphasize sustainability.,9
"Develop operating strategies, plans, or procedures.",37
"Develop operating strategies, plans, or procedures for green or sustainable operations.",7
Develop new or advanced products or production methods.,8
Develop models of information or communications systems.,15
Develop methods of social or economic research.,6
Develop medical treatment plans.,29
Develop mathematical models of environmental conditions.,8
Develop marketing plans or strategies.,20
Develop marketing plans or strategies for environmental initiatives.,5
Develop library or archival databases.,5
Develop instructional objectives.,62
Develop instructional materials.,50
Develop information communication procedures.,4
Develop healthcare quality and safety procedures.,5
Develop health assessment methods or programs.,7
Develop guidelines for system implementation.,5
Develop fire safety or prevention programs or plans.,7
Develop financial plans for clients.,8
Develop financial or business plans.,7
Develop financial analysis methods.,6
Develop exercise or conditioning programs.,5
Develop equipment or component configurations.,7
Develop environmental sustainability plans or projects.,12
Develop environmental research methods.,5
Develop environmental remediation or protection plans.,8
Develop emergency response plans or procedures.,12
Develop emergency procedures.,3
Develop educational programs.,15
Develop educational policies.,2
Develop educational or training programs.,6
"Develop educational goals, standards, policies, or procedures.",7
Develop diagrams or flow charts of system operation.,7
Develop detailed project plans.,11
Develop database parameters or specifications.,6
Develop data analysis or data management procedures.,5
Develop daily schedules for children or families.,3
Develop contingency plans to deal with organizational emergencies.,6
Develop content for sales presentations or other materials.,13
Develop computer or online applications.,8
Develop computer or information systems.,6
Develop computer or information security policies or procedures.,11
Develop collaborative relationships between departments or with external organizations.,3
Develop business relationships.,9
Develop business or market strategies.,8
Develop business or financial information systems.,15
Develop biological research methods.,4
"Develop artistic or design concepts for decoration, exhibition, or commercial purposes.",20
Develop agricultural methods.,11
"Determine types of equipment, tools, or materials needed for jobs.",9
Determine the value of goods or services.,12
Determine technical requirements of productions or projects.,12
Determine resource needs.,11
Determine protocols for medical procedures.,12
Determine production equipment settings.,6
Determine pricing or monetary policies.,7
Determine prices for menu items.,3
Determine presentation subjects or content.,18
Determine operational procedures.,8
Determine operational methods.,15
Determine operational criteria or specifications.,11
Determine operational compliance with regulations or standards.,13
Determine methods to minimize environmental impact of activities.,5
Determine metal or plastic production methods.,6
Determine geographic coordinates.,2
Determine forestry techniques or methods.,3
Determine food production methods.,4
Determine design criteria or specifications.,10
Determine construction project layouts.,5
Determine causes of operational problems or failures.,6
Determine appropriate methods for data analysis.,11
Determine appropriate locations for operations or installations.,6
Detain suspects or witnesses.,6
Design websites or web applications.,16
Design water conservation systems.,2
Design video game features or details.,6
"Design tools, fixtures, or other devices for production equipment.",5
Design templates or patterns.,17
Design systems to reduce harmful emissions.,4
Design structures or facilities.,9
Design software applications.,10
Design research studies to obtain scientific information.,10
Design public or employee health programs.,17
Design psychological or educational treatment procedures or programs.,9
"Design micro- or nano-scale materials, devices, or systems.",4
Design medical devices or appliances.,7
Design materials for industrial or commercial applications.,4
Design layouts for print publications.,7
"Design layout of art or product exhibits, displays, or promotional materials.",6
Design jewelry or decorative objects.,6
Design integrated computer systems.,8
Design industrial processing systems.,18
Design industrial equipment.,12
Design healthcare-related software applications.,3
Design furniture.,2
Design environmental control systems.,4
Design energy-efficient vehicles or vehicle components.,4
Design energy-efficient equipment or systems.,2
Design energy production or management equipment or systems.,6
Design electronic or computer equipment or instrumentation.,22
Design electromechanical equipment or systems.,17
Design electrical equipment or systems.,6
Design costumes or cosmetic effects for characters.,4
Design control systems for mechanical or other equipment.,5
Design computer modeling or simulation programs.,7
Design civil structures or systems.,8
Design alternative energy systems.,8
Demonstrate products to consumers.,11
Demonstrate activity techniques or equipment use.,13
Deliver promotional presentations to current or prospective customers.,6
Deliver items.,22
Decorate indoor or outdoor spaces.,4
Decontaminate equipment or sites to remove hazardous or toxic substances.,7
Cut wood components for installation.,6
Cut trees or logs.,10
"Cut tile, stone, or other masonry materials.",13
Cut openings in existing structures.,3
Cut metal components for installation.,17
Cut meat products.,13
Cut materials according to specifications or needs.,21
Cut industrial materials in preparation for fabrication or processing.,32
Cut glass.,4
Cut fabrics.,10
Cut cooked or raw foods.,9
"Cut carpet, vinyl or other flexible materials.",17
Customize financial products or services to meet customer needs.,4
Customize energy products or services to meet customer needs.,2
"Cultivate micro-organisms for study, testing, or medical preparations.",3
"Cultivate lawns, turf, or gardens.",6
Cultivate land.,6
Create technology-based learning materials.,23
Create schematic drawings for electronics.,7
Create physical models or prototypes.,9
Create new recipes or food presentations.,5
"Create musical compositions, arrangements or scores.",17
Create models of engineering designs or methods.,19
Create marketing materials.,13
Create maps.,14
Create images or other visual displays.,10
"Create images of data, locations, or products.",6
Create graphical representations of structures or landscapes.,14
Create graphical representations of mechanical equipment.,14
Create graphical representations of industrial production systems.,5
Create graphical representations of energy production systems.,4
Create graphical representations of civil structures.,6
Create electronic data backup to prevent loss of information.,7
Create electrical schematics.,7
Create diagrams or blueprints for workpieces or products.,4
Create databases to store electronic data.,18
Create construction or installation diagrams.,8
Create computer-generated graphics or animation.,12
Create advanced digital images of patients using computer imaging systems.,10
Count prison inmates or personnel.,3
Count finished products or workpieces.,7
Counsel family members of clients or patients.,6
Counsel clients regarding interpersonal issues.,6
Counsel clients regarding educational or vocational issues.,6
Counsel clients or patients with substance abuse issues.,7
Counsel clients or patients regarding personal issues.,10
Counsel clients on mental health or personal achievement.,13
Correspond with customers to answer questions or resolve complaints.,18
Coordinate with external parties to exchange information.,10
Coordinate training activities.,6
Coordinate timing of food production activities.,5
Coordinate student extracurricular activities.,9
Coordinate special events or programs.,11
Coordinate software or hardware installation.,6
Coordinate shipping activities with external parties.,8
Coordinate sales campaigns.,5
Coordinate safety or regulatory compliance activities.,8
Coordinate resource procurement activities.,6
Coordinate reporting or editing activities.,7
Coordinate regulatory documentation activities.,10
Coordinate project activities with other personnel or departments.,11
Coordinate personnel recruitment activities.,8
Coordinate operational activities.,19
Coordinate operational activities with external stakeholders.,15
Coordinate musical rehearsals or performances.,6
Coordinate logistics or other business operations.,10
Coordinate logistics for productions or events.,21
Coordinate legal schedules or activities.,8
Coordinate forestry or agricultural activities.,2
Coordinate flight control or management activities.,8
Coordinate enforcement of laws or regulations.,5
Coordinate design activities.,4
Coordinate cross-disciplinary research programs.,4
Coordinate construction project activities.,8
Coordinate construction or installation activities.,7
Coordinate athletic or sporting events or activities.,12
Coordinate artistic activities.,8
"Coordinate activities with suppliers, contractors, clients, or other departments.",7
Coordinate activities of production personnel.,12
Coordinate activities of food service staff.,7
Cook foods.,24
Convert data among multiple digital or analog formats.,6
Control pumps or pumping equipment.,20
Control prescription refills or authorizations.,3
Control power supply connections.,7
Control equipment that regulates vehicle traffic.,7
Contract real estate to clients.,3
Contact current or potential customers to promote products or services.,14
Consult with others regarding safe or healthy equipment or facilities.,3
"Construct patterns, templates, or other work aids.",8
Construct exhibits or parts of exhibits.,5
"Construct distinctive physical objects for artistic, functional, or commercial purposes.",13
Construct customized assistive medical or dental devices.,6
Connect supply lines to production equipment or tools.,7
Connect hoses to equipment or piping.,7
Connect hoses to equipment or machinery.,9
Connect electrical components or equipment.,21
Connect cables or electrical lines.,8
Confiscate prohibited or dangerous items.,7
Configure computer networks.,7
Confer with technical personnel to prepare designs or operational plans.,27
Confer with personnel to coordinate business operations.,11
Confer with others to resolve production problems or equipment malfunctions.,8
Confer with others to conduct or arrange operational activities.,6
Confer with others about financial matters.,10
Confer with other professionals to plan patient care.,10
Confer with other personnel to resolve design or operational problems.,10
Confer with organizational members to accomplish work activities.,34
Confer with managers to make operational decisions.,5
Confer with family members to discuss client treatment plans or progress.,6
Confer with customers or users to assess problems.,16
Confer with customers or designers to determine order specifications.,8
Confer with coworkers to resolve equipment problems.,8
Confer with coworkers to coordinate work activities.,21
Confer with coworkers to coordinate maintenance or cleaning activities.,7
Confer with court staff to clarify information.,6
Confer with clients to exchange information.,6
Confer with clients to discuss treatment plans or progress.,9
Confer with clients to determine needs.,13
Conduct validation tests of equipment or processes.,9
Conduct test runs of production equipment.,17
Conduct surveys in organizations.,6
Conduct scientific research of organizational behavior or processes.,7
"Conduct research to inform art, designs, or other work.",14
Conduct research to increase knowledge about medical issues.,42
Conduct research to gain information about products or processes.,19
Conduct research on social issues.,13
Conduct research of processes in natural or industrial ecosystems.,7
Conduct quantitative failure analyses of operational data.,8
Conduct opinion surveys or needs assessments.,8
Conduct market research.,7
Conduct historical research.,8
Conduct hearings to investigate legal issues.,7
Conduct health or safety training programs.,10
Conduct gaming transactions.,9
Conduct financial or regulatory audits.,8
Conduct environmental audits.,2
Conduct employee training programs.,37
Conduct eligibility or selection interviews.,8
Conduct diagnostic tests to determine patient health.,8
Conduct climatological research.,9
Conduct anthropological or archaeological research.,9
Conduct amusement or gaming activities.,17
Compute gaming wins and losses.,3
Compute debt repayment schedules.,5
Complete documentation required by programs or regulations.,7
Compile technical information or documentation.,10
Compile specialized bibliographies or lists of materials.,36
Compile operational data.,12
Compile geographic or related data.,6
Compile environmental or climatological data.,5
Compile data or documentation.,45
Compare physical characteristics of materials or products to specifications or standards.,6
Compact materials to create level bases.,15
Communicate with the public on environmental issues.,7
Communicate with others to coordinate vehicle movement.,30
Communicate with others to coordinate material handling or movement.,7
Communicate with other workers to coordinate activities.,8
Communicate with other construction or extraction personnel to discuss project details.,6
Communicate with management or other staff to resolve problems.,13
Communicate with government agencies.,24
Communicate with customers to resolve complaints or ensure satisfaction.,6
Communicate with coworkers to coordinate installations or repairs.,8
"Communicate with clients about products, procedures, and policies.",11
Communicate test or assessment results to medical professionals.,13
"Communicate technical information to suppliers, contractors, or regulatory agencies.",9
Communicate situation details to appropriate personnel.,18
Communicate safety or hazard information to others.,5
Communicate results of environmental research.,9
Communicate project information to others.,12
Communicate patient status to other health practitioners.,3
Communicate organizational policies and procedures.,15
Communicate organizational information to customers or other stakeholders.,9
Communicate health and wellness information to the public.,14
Communicate green energy production information.,6
Communicate dining or order details to kitchen personnel.,6
Communicate detailed medical information to patients or family members.,19
Collect samples of raw materials or finished products.,3
Collect samples of materials or products for testing.,18
Collect samples for analysis or testing.,4
Collect payments for goods or services.,17
"Collect medical information from patients, family members, or other medical professionals.",35
"Collect information from people through observation, interviews, or surveys.",22
Collect information about community health needs.,3
Collect information about clients.,9
Collect geological samples.,4
Collect geographical or geological field data.,8
Collect fares or payment from customers.,11
Collect evidence for legal proceedings.,16
Collect environmental data or samples.,13
Collect dirty dishes or other tableware.,6
"Collect deposits, payments or fees.",30
Collect data about project sites.,8
Collect data about customer needs.,8
Collect biological specimens.,6
Collect biological specimens from patients.,29
Collect archival data.,9
Collaborate with technical specialists to resolve design or development problems.,10
Collaborate with outside groups to develop programs or projects.,2
Collaborate with others to resolve information technology issues.,23
Collaborate with others to prepare or perform artistic productions.,9
Collaborate with others to develop or refine designs.,10
Collaborate with others to develop or implement marketing strategies.,10
Collaborate with others to determine technical details of productions.,14
Collaborate with others to determine production details.,4
Collaborate with others to determine design specifications or details.,21
Collaborate with others in marketing activities.,6
Collaborate with other teaching professionals to develop educational programs.,35
Collaborate with other professionals to develop education or assistance programs.,7
Collaborate with other professionals to assess client needs or plan treatments.,18
Collaborate with other agencies and institutions to coordinate educational matters.,5
Collaborate with law enforcement or security agencies to share information.,5
Collaborate with law enforcement or security agencies to respond to incidents.,7
Collaborate with healthcare professionals to plan or provide treatment.,65
Collaborate on research activities with scientists or technical specialists.,11
Code data or other information.,8
Coach others.,7
Climb ladders or vehicles to perform duties.,6
Climb equipment or structures to access work areas.,8
Clear equipment jams.,12
Clean workpieces or finished products.,27
Clean work sites.,11
Clean work areas.,34
Clean vessels or marine equipment.,5
Clean vehicles or vehicle components.,23
Clean tools or equipment.,9
Clean tableware.,10
Clean surfaces in preparation for work activities.,18
Clean production equipment.,65
Clean patient rooms or patient treatment rooms.,10
Clean objects.,6
Clean medical equipment.,15
Clean medical equipment or facilities.,14
Clean materials to prepare them for production.,5
Clean machinery or equipment.,12
Clean furniture or fixtures.,8
Clean food service areas.,8
"Clean food preparation areas, facilities, or equipment.",17
Clean facilities or work areas.,28
Clean facilities or sites.,9
Clean facilities or equipment.,16
Clean fabrics or apparel.,6
"Clean equipment, parts, or tools to repair or maintain them in good working order.",43
Clean equipment or supplies.,7
Clean equipment or facilities.,31
Clean building walls or flooring.,8
Classify organisms based on their characteristics or behavior.,5
Classify materials according to standard systems.,6
Choreograph dances.,6
Choose optimal transportation routes or speeds.,6
Check quality of foods or supplies.,5
Check quality of diagnostic images.,4
Check physical condition of people or animals.,3
Check data for recording errors.,9
Cast molds of patient anatomies to create medical or dental devices.,3
Care for women during pregnancy and childbirth.,8
Care for plants or animals.,2
Care for patients with mental illnesses.,4
Care for animals.,17
Capture or kill animals.,4
Calibrate scientific or technical equipment.,24
Calibrate equipment to specifications.,12
"Calculate weights, volumes or other characteristics of materials.",8
Calculate tax information.,6
"Calculate specific material, equipment, or labor requirements for production.",12
Calculate shipping costs.,7
Calculate requirements for equipment installation or repair projects.,3
Calculate numerical data for medical activities.,10
Calculate geographic positions from survey data.,10
Calculate financial data.,17
"Calculate dimensions of workpieces, products, or equipment.",13
Calculate data to inform organizational operations.,11
Calculate costs of goods or services.,29
Build production molds.,12
"Build models, patterns, or templates.",8
Build construction forms or molds.,7
Build agricultural structures.,4
"Break up rock, asphalt, or concrete.",10
Braze metal parts or components.,2
Bolt objects into place.,4
Block physical access to restricted areas.,7
Balance receipts.,5
Authorize payments to settle legal disputes.,4
Authorize financial actions.,8
Authorize construction activities.,2
Audition or interview potential performers or staff members.,6
Audition for roles.,3
Attend training to learn new skills or update knowledge.,3
Attend training sessions or professional meetings to develop or maintain professional knowledge.,57
Attend events to develop professional knowledge.,7
Attend educational events to update medical knowledge.,5
Attend conferences or workshops to maintain professional knowledge.,8
Attach rigging to objects so they can be moved.,5
"Attach identification information to products, items or containers.",8
Attach equipment extensions or accessories.,6
Attach decorative or functional accessories to products.,9
Assist students with special educational needs.,19
Assist skilled construction or extraction personnel.,18
Assist practitioners to perform medical procedures.,9
Assist patrons with entering or exiting vehicles or other forms of transportation.,7
Assist patients with hygiene or daily living activities.,5
Assist patients with daily activities.,18
Assist passengers during vehicle boarding.,12
Assist others during emergencies.,6
Assist other educational professionals with projects or research.,5
Assist motorists or pedestrians.,5
Assist individuals with special needs.,5
Assist individuals with paperwork.,7
Assist healthcare practitioners during surgery.,14
Assist healthcare practitioners during examinations or treatments.,17
Assist engineers or scientists with research.,4
Assist disabled or incapacitated individuals.,4
Assist customers with seating arrangements.,6
Assist customers with product selection.,1
Assist customers to ensure comfort or safety.,17
Assist clients in handling details of daily life.,5
Assist chefs or caterers with food or drink preparation.,3
Assign resources or facilities to patrons or employees.,6
Assign duties or work schedules to employees.,21
Assign class work to students.,7
"Assess the cost effectiveness of products, projects, or services.",7
Assess skin or hair conditions.,5
Assess risks to business operations.,14
Assess product or process usefulness.,5
Assess physical conditions of patients to aid in diagnosis or treatment.,11
"Assess patient work, living, or social environments.",3
Assess locations for potential green technology installations.,3
Assess individual or community needs for educational or social services.,4
Assess financial status of clients.,11
Assess equipment functioning.,3
Assess educational needs of students.,11
Assess database performance.,7
Assess compliance with environmental laws.,10
Assess characteristics of fires.,5
Assemble wood products.,7
Assemble tires.,6
Assemble temporary equipment or structures.,24
Assemble structural components.,4
Assemble products or production equipment.,14
Assemble precision electronics or optical equipment.,8
Assemble metal structures.,5
Assemble metal or plastic parts or products.,13
Assemble mechanical components or machine parts.,19
"Assemble machine tools, parts, or fixtures.",7
Assemble garments or textile products.,9
Assemble equipment or components.,14
Assemble electromechanical or hydraulic systems.,10
Assemble electrical or electronic equipment.,8
"Assemble electrical components, subsystems, or systems.",10
Arrange tables or dining areas.,7
Arrange services or reservations for patrons.,13
Arrange physical or mental health services for clients.,6
Arrange maintenance activities.,10
Arrange items for use or display.,9
Arrange insurance coverage.,5
Arrange food for serving.,9
Arrange facility schedules.,5
Arrange delivery of goods or services.,12
Arrange collective bargaining agreements.,12
Arrange childcare or educational settings to ensure physical safety of children.,3
"Arrange artwork, products, or props.",13
Arbitrate disputes between parties to resolve legal conflicts.,6
Approve expenditures.,15
Apprehend criminal suspects.,9
Appraise property values.,17
Appraise environmental impact of regulations or policies.,6
Apply water or solutions to fabrics or apparel.,8
Apply solutions to production equipment.,9
Apply solutions to hair for therapeutic or cosmetic purposes.,5
Apply sealants or other protective coatings.,25
Apply protective or decorative finishes to workpieces or products.,31
Apply protective coverings to objects or surfaces near work areas.,7
Apply parting agents or other solutions to molds.,9
Apply paint to surfaces.,7
Apply new technologies to improve work processes.,4
Apply multiple teaching methods.,12
Apply mortar.,9
Apply mathematical principles or statistical approaches to solve problems in scientific or applied fields.,11
Apply mathematical models of financial or business conditions.,12
Apply material to fill gaps in surfaces.,20
Apply makeup to alter or enhance appearance.,9
Apply lubricants or coolants to workpieces.,9
Apply knowledge or research findings to address environmental problems.,10
Apply information technology to solve business or other applied problems.,9
Apply identification labels or tags.,3
"Apply finishes to artwork, crafts, or displays.",3
Apply decorative or textured finishes or coverings.,14
Apply decorative masonry finishes.,9
Apply decorative coloring to photographs or printed materials.,1
"Apply cleansing or conditioning agents to client hair, scalp, or skin.",14
Apply chemical solutions to plants to protect against disease or insects or to enhance growth.,2
"Apply bandages, dressings, or splints.",12
Apply adhesives to construction materials.,19
Answer telephones to direct calls or provide information.,24
Answer customer questions about goods or services.,14
Analyze website or related online data to track trends or usage.,7
Analyze traffic data.,7
Analyze test results.,5
Analyze test or validation data.,7
Analyze test or performance data to assess equipment operation.,6
Analyze test data or images to inform diagnosis or treatment.,45
Analyze shipping information to make routing decisions.,13
"Analyze security of systems, network, or data.",10
Analyze risks to minimize losses or damages.,9
Analyze risks related to investments in green technology.,7
Analyze quantitative data to determine effectiveness of treatments or therapies.,7
Analyze project data to determine specifications or requirements.,11
"Analyze physical, survey, or geographic data.",6
Analyze patient data to determine patient needs or treatment goals.,35
Analyze operational or research data.,6
"Analyze operational data to evaluate operations, processes or products.",14
Analyze medical data to determine cause of death.,3
Analyze market research data.,8
Analyze market or customer related data.,10
Analyze market conditions or trends.,14
Analyze logistics processes.,12
Analyze laboratory specimens to detect abnormalities or other problems.,17
Analyze laboratory findings.,4
"Analyze jobs using observation, survey, or interview techniques.",7
Analyze information obtained from news sources.,3
Analyze industry trends.,5
Analyze impact of legal or regulatory changes.,5
Analyze health-related data.,10
Analyze green technology design requirements.,3
Analyze geological samples.,4
Analyze geological or geographical data.,15
Analyze Geographic Information Systems (GIS) data for use in green applications.,1
Analyze forensic evidence to solve crimes.,11
Analyze forecasting data to improve business decisions.,10
Analyze financial records to improve efficiency.,7
Analyze financial records to improve budgeting or planning.,6
Analyze financial records or reports to determine state of operations.,4
Analyze financial information.,8
Analyze environmental regulations to ensure organizational compliance.,5
Analyze environmental data.,12
Analyze energy usage data.,9
Analyze design requirements for computer or electronics systems.,9
Analyze design or requirements information for mechanical equipment or systems.,8
Analyze data to inform personnel decisions.,4
Analyze data to inform operational decisions or activities.,21
Analyze data to identify trends or relationships among variables.,22
Analyze data to identify or resolve operational problems.,14
Analyze data to determine project feasibility.,8
Analyze data to assess operational or project effectiveness.,5
Analyze crime scene evidence.,4
Analyze costs and benefits of proposed designs or projects.,16
Analyze consumer trends.,4
Analyze chemical compounds or substances.,11
Analyze business or financial data.,26
Analyze budgetary or accounting data.,6
Analyze biological samples.,12
Allocate physical resources within organizations.,6
Align parts or workpieces to ensure proper assembly.,31
Align masonry materials.,7
Align equipment or machinery.,15
Advocate for individual or community needs.,6
Advise students on academic or career matters.,123
Advise real estate clients.,6
Advise patients on preventive care techniques.,3
Advise patients on healthcare system processes.,3
Advise patients on effects of health conditions or treatments.,12
Advise others regarding green practices or environmental concerns.,11
Advise others on ways to improve processes or products.,10
Advise others on the development or use of new technologies.,6
Advise others on social or educational issues.,6
Advise others on matters of public policy.,10
Advise others on management of emergencies or hazardous situations or materials.,5
Advise others on logistics topics.,4
Advise others on legal or regulatory compliance matters.,23
"Advise others on issues related to repairs, installation, or equipment design.",7
Advise others on human resources topics.,9
Advise others on healthcare matters.,6
Advise others on health and safety issues.,9
Advise others on green energy or related technologies.,4
Advise others on financial matters.,13
"Advise others on farming or forestry operations, regulations, or equipment.",5
Advise others on educational matters.,5
Advise others on career or personal development.,8
Advise others on business or operational matters.,40
Advise others on analytical techniques.,6
Advise others about land management or conservation.,8
Advise others about environmental management or conservation.,17
Advise medical personnel regarding healthcare issues.,21
"Advise educators on curricula, instructional methods, or policies.",42
Advise customers on the use of products or services.,25
Advise customers on technical or procedural issues.,9
Advise communities or institutions regarding health or safety issues.,13
Advise clients or community groups on health issues.,10
"Advise athletes, coaches, or trainers on exercise regimens, nutrition, or equipment use.",8
Administer therapy treatments to patients using hands or physical treatment aids.,10
Administer therapeutic massages.,6
Administer tests to assess educational needs or progress.,61
Administer standardized physical or psychological tests.,7
Administer screening tests to determine abilities or treatment needs.,5
Administer personnel recruitment or hiring activities.,15
Administer oaths to court participants.,4
Administer non-intravenous medications.,15
Administer medical substances for imaging or other procedures.,6
Administer intravenous medications.,13
Administer first aid.,11
Administer drug screening tests.,2
Administer compensation or benefits programs.,9
Administer cancer treatments.,3
Administer blood or other fluids intravenously.,6
Administer basic health care or medical treatments.,24
Administer anesthetics or sedatives to control pain.,12
Adjust vehicle components according to specifications.,17
Adjust tuning or functioning of musical instruments.,7
Adjust the tension of nuts or bolts.,4
Adjust temperature controls of ovens or other heating equipment.,31
Adjust settings or positions of medical equipment.,14
Adjust routes or speeds as necessary.,2
Adjust prostheses or other assistive devices.,9
Adjust positions of patients on beds or tables.,8
Adjust position of molds during processing.,2
Adjust office equipment to ensure proper operation.,5
Adjust flow of electricity to tools or production equipment.,6
Adjust fabrics or other materials during garment production.,13
Adjust equipment to ensure optimal performance.,55
Adjust equipment controls to regulate gas flow.,8
"Adjust equipment controls to regulate flow of water, cleaning solutions, or other liquids.",9
Adjust equipment controls to regulate flow of production materials or products.,26
Adjust equipment controls to regulate coolant flow.,14
Adjust dental devices or appliances to ensure fit.,4
Adjust building climate control systems.,2
Add garnishes to food.,3
Acquire supplies or equipment.,7
Accompany patients or clients on outings to provide assistance.,5
Accompany individuals or groups to activities.,4
